source,target
Ryan_Condotta,CNN
Ryan_Condotta,TheEPLVines
Ryan_Condotta,Trevora1William
Ryan_Condotta,NASA
Ryan_Condotta,NYMag
Ryan_Condotta,nytimes
Ryan_Condotta,FunnyVideoGame
Ryan_Condotta,easymoneymouss
Ryan_Condotta,ShaneCampbell23
Ryan_Condotta,MLS
Ryan_Condotta,CoachLaskowski
Ryan_Condotta,iokessler
Ryan_Condotta,leo_maric
Ryan_Condotta,s_perelman
Ryan_Condotta,MO_Jalloh09
Ryan_Condotta,yohandekicker
Ryan_Condotta,YAOworldwide
Ryan_Condotta,Harmon9ODU
Ryan_Condotta,EA
Ryan_Condotta,E3
Ryan_Condotta,NHLBlackhawks
Ryan_Condotta,hartingg
Ryan_Condotta,cimages24
Ryan_Condotta,xChinoSola
Ryan_Condotta,dee_bradley16
Ryan_Condotta,King0fSmile
Ryan_Condotta,champa33
Ryan_Condotta,colleendoby
Ryan_Condotta,OrlandoCitySC
Ryan_Condotta,glavinod
Ryan_Condotta,BenVargo
Ryan_Condotta,JoeMunifo
Ryan_Condotta,TransferDaily
Ryan_Condotta,joelmendoza0524
Ryan_Condotta,skylar_hagan
Ryan_Condotta,WAKEUPPEOPL3
Ryan_Condotta,OwnerTrevoradai
Ryan_Condotta,christina_gress
Ryan_Condotta,Amazing_Iife
Ryan_Condotta,Missystringer
Ryan_Condotta,PhillGro4
Ryan_Condotta,InfoSportSoccer
Ryan_Condotta,davidmacsi
Ryan_Condotta,momodu_18
Ryan_Condotta,Pouncey11
Ryan_Condotta,Alexander_T1
Ryan_Condotta,SportsCenter
Ryan_Condotta,johannacecelic
Ryan_Condotta,DougRipleyODU
Ryan_Condotta,GarrettWalke
WAKEUPPEOPL3,Amazing_Iife 
easymoneymouss,champa33 
Harmon9ODU,champa33 
xChinoSola,champa33 
davidmacsi,champa33 
johannacecelic,champa33 
MO_Jalloh09,christina_gress
yohandekicker,christina_gress
dee_bradley16,christina_gress
davidmacsi,christina_gress
momodu_18,christina_gress
Alexander_T1,christina_gress
GarrettWalke,christina_gress
NYMag,CNN
MLS,CNN
EA,CNN
yohandekicker,CoachLaskowski 
davidmacsi,CoachLaskowski 
xChinoSola,colleendoby 
easymoneymouss,davidmacsi 
CoachLaskowski,davidmacsi 
s_perelman,davidmacsi 
MO_Jalloh09,davidmacsi 
Harmon9ODU,davidmacsi 
easymoneymouss,Alexander_T1 
CoachLaskowski,Alexander_T1 
s_perelman,Alexander_T1 
MO_Jalloh09,Alexander_T1 
Harmon9ODU,dee_bradley16 
glavinod,dee_bradley16 
christina_gress,dee_bradley16 
PhillGro4,dee_bradley16 
davidmacsi,dee_bradley16 
Alexander_T1,dee_bradley16 
GarrettWalke,dee_bradley16 
E3,EA
MO_Jalloh09,easymoneymouss 
Harmon9ODU,easymoneymouss 
champa33,easymoneymouss 
davidmacsi,easymoneymouss 
GarrettWalke,easymoneymouss 
s_perelman,glavinod 
hartingg,glavinod 
dee_bradley16,glavinod 
davidmacsi,glavinod 
Alexander_T1,glavinod 
davidmacsi,Harmon9ODU
DougRipleyODU,Harmon9ODU
glavinod,hartingg
Alexander_T1,hartingg
iokessler,JoeMunifo
xChinoSola,johannacecelic
champa33,johannacecelic
Harmon9ODU,MLS
OrlandoCitySC,MLS
glavinod,MLS
OwnerTrevoradai,MLS
christina_gress,MLS
InfoSportSoccer,MLS
SportsCenter,MLS
dee_bradley16,MO_Jalloh09
christina_gress,MO_Jalloh09
davidmacsi,MO_Jalloh09
Alexander_T1,MO_Jalloh09
s_perelman,momodu_18
yohandekicker,momodu_18
davidmacsi,momodu_18
Alexander_T1,momodu_18
GarrettWalke,momodu_18
MLS,NASA
CoachLaskowski,NASA
SportsCenter,NHLBlackhawks 
EA,NYMag
NYMag,nytimes
Trevora1William,OrlandoCitySC 
MLS,OrlandoCitySC
glavinod,OrlandoCitySC
InfoSportSoccer,OrlandoCitySC
yohandekicker,PhillGro4 
dee_bradley16,PhillGro4
christina_gress,PhillGro4
davidmacsi,PhillGro4
GarrettWalke,PhillGro4
hartingg,s_perelman
dee_bradley16,s_perelman
glavinod,s_perelman
davidmacsi,s_perelman
momodu_18,s_perelman
Alexander_T1,s_perelman
GarrettWalke,s_perelman
Harmon9ODU,skylar_hagan
davidmacsi,skylar_hagan
MLS,SportsCenter
CoachLaskowski,SportsCenter
yohandekicker,SportsCenter
Harmon9ODU,SportsCenter
EA,SportsCenter
NHLBlackhawks,SportsCenter
champa33,SportsCenter
OrlandoCitySC,SportsCenter
glavinod,SportsCenter
BenVargo,SportsCenter
JoeMunifo,SportsCenter
christina_gress,SportsCenter
MissyStringer,SportsCenter
johannacecelic,SportsCenter
GarrettWalke,SportsCenter
Amazing_Iife,WAKEUPPEOPL3 
champa33,xChinoSola
colleendoby,xChinoSola
glavinod,xChinoSola
davidmacsi,xChinoSola
Alexander_T1,xChinoSola
johannacecelic,xChinoSola
xChinoSola,YAOworldwide 
champa33,YAOworldwide 
davidmacsi,YAOworldwide 
dee_bradley16,yohandekicker
christina_gress,yohandekicker
PhillGro4,yohandekicker
davidmacsi,yohandekicker
momodu_18,yohandekicker
GarrettWalke,yohandekicker
